text,predicted_class,confidence,convergence_delta,faithfulness_top_0.1,faithfulness_top_0.2,faithfulness_top_0.3,faithfulness_top_0.5,stability_cosine,stability_correlation,num_seed_pairs,emotion_bias_ratio,demographic_bias_ratio,attribution_concentration
ya screw username really looking forward note 7 iphone 6plus issue screen username go username only fix locking username screen ill call apple username username get fixed way itll last till samsung get shit username note 7 no other phone username note 7 pen secure folder im mostly looking,0,0.3684723377227783,0.0028988420963287354,0.004309356212615967,0.002317577600479126,0.002817481756210327,0.01480644941329956,0.13033223152160645,0.13033223621038273,10,0.0,0.0,0.4768928819932887
username samsung galaxy note7 still more user than lg v20 htc bolt oneplus 3t,1,0.3529678285121918,0.03391410410404205,-0.009957462549209595,-0.0050573647022247314,0.001056075096130371,0.005042582750320435,-0.059857212007045746,-0.059857213446739096,10,0.0,0.0,0.5382571247190697
traded note 7 s7 edge really hope samsung username good deal note 8 u username fiasco like s7 username username really tweak tech junkie ocd want get rid current phone soon username favor next note,0,0.3755229413509369,0.006581693887710571,0.008503228425979614,0.01655060052871704,0.016720116138458252,0.012750059366226196,0.06226146221160889,0.06226147214521828,10,1.803619999413094,0.0,0.4133743720572054
reading username report battery design failed glad didnt hang safety reason but miss phone so much,1,0.3693313002586365,0.010791748762130737,0.004072636365890503,0.007874518632888794,-0.004674732685089111,0.00789293646812439,-0.05257647484540939,-0.05257647089223899,10,0.0,0.0,0.4529329652990033
maybe phone unique username feature explode username some user cry,0,0.3639621138572693,-0.015955939888954163,-0.0013327300548553467,-0.004139900207519531,-0.00563359260559082,-0.0014390051364898682,0.024682050570845604,0.024682051344421224,10,0.0,0.0,0.4560960718207465
username note7 love gawd samsung dont throw baby username note username username username monster held note 2 back not believe ! 4 year helped so much note7 username piece tech but username username wasnt so hot ha ha ha please please please keep making stylus phone make explode less not all,1,0.38267946243286133,0.001832611858844757,-0.005181103944778442,0.015344947576522827,0.007308840751647949,0.00864720344543457,-0.1310018002986908,-0.1310018004061882,10,0.7673233639063654,0.0,0.4669594894936604
got box friday mail ship back pretty intense box meant battery issue also ordered samsung com same one post,0,0.36602896451950073,-0.0014577656984329224,0.015497207641601562,0.00202864408493042,-0.001213759183883667,-0.011299848556518555,-0.03484120965003967,-0.03484120273251115,10,0.0,0.0,0.38262233429698966
note 7 user im sure like username else love note 7 phone getting replace ? ive looking around past 2 day dont really like username else market even v20 not username no sd card im even username iphone 7 plus whole username phone giant waste time spent 9 hour course 2 day store chaning device twice already so username,0,0.3573857247829437,0.006191730499267578,0.0015714466571807861,-0.00013840198516845703,-0.005216687917709351,0.003915548324584961,0.05093436315655708,0.050934354594194944,10,1.2102011037761613,0.0,0.44095256081302536
note7 best phone ive ever used but whole recall fiasco left bitter taste mouth samsung ordered iphone7 plus username but ill wait 2 more week arrive came back mobile store able get samsung on5 loaner 50 deposit used s7 edge loaner first recall hated username wrapped around edge gon na weird username io but other android device username carrier seemed like much more username than iphone7 only silver lining ill username 25 credit next 2 bill username note7 today hope find username username need feel pain,1,0.3817376494407654,-0.01088571548461914,0.014663249254226685,0.018205344676971436,0.011665940284729004,0.015356361865997314,-0.031349342316389084,-0.03134934149665676,10,0.0,0.0,0.523551967896067
wish could help but im god damned username username love note 7 im username username keeping rolling dice though im quite sure username username refuse cover effing hell like finding perfect partner finding theyve got aid im so sick looking so happy im willing risk dying edit username answer username im username google pixel xl maybe still us android clearer version same size screen c usb only username no pen no water username,1,0.3755371868610382,0.07868094742298126,0.021039247512817383,0.01914861798286438,0.010310590267181396,0.011354923248291016,-0.09405632317066193,-0.09405631397950756,10,2.3548409384445526,0.0,0.5138042938084826
other want username username note 7 back hey all username short vent got username device friday username nothing but issue thing username slow get easily bogged task note 5 username note 7 handled ease game username stutter same game worked username note 5 both iris username username somehow slower battery life isnt good old note 7 apps secure folder no longer work but outside thing get hot mean very hot ! username note 7 always cool touch never worried heating but one im username scared blow im username username username device wish kept old one username device hasnt helped im not really sure else could work phone dealer thought sending samsung crossed mind but dont know really problem could fix anybody else username issue username device get lemon ?,1,0.3639722168445587,-2.2351741790771484e-07,0.009222298860549927,-0.0005372464656829834,-0.0025449395179748535,-0.008354395627975464,-0.09434635937213898,-0.0943463811847586,10,3.718357443423056,0.0,0.5611989310945784
well suck hear want pick note 7 so badly username id get s7 instead but want pen ! iphone so username behind but all bad juju around note red flag,1,0.36809155344963074,-0.00453861802816391,0.008260905742645264,0.01255112886428833,0.013456523418426514,0.005772978067398071,-0.07623124122619629,-0.07623124536429024,10,0.2627136527829291,0.0,0.47755333243445475
new note 7 username old note 7 awesome always cold touch only got little warm username always fast username username screen simply not good old one more username getting ready take phone mobile im username ghost touch issue top right screen use phone reduced size mode simply use username million page open making username use,0,0.36327609419822693,0.009168967604637146,0.006744891405105591,0.01141810417175293,0.011578768491744995,-0.011715412139892578,0.26693105697631836,0.26693106096336183,10,6.648341876553875,0.0,0.5782033766412347
username check battery usage username similar username s6 really slow would get stay really hot long period time battery would dead 4 hour minimal use think app called ibotta username but using username like 60 battery looking ap think username pinging username finding local sale username deleted problem fixed no more lag username youtube no more lag username reddit no more super hot phone sat desk unused,1,0.3778539001941681,0.03279288485646248,0.00960811972618103,0.008084595203399658,0.009204596281051636,0.016047656536102295,-0.06920861452817917,-0.06920860954610007,10,0.0,0.0,0.47349324093895384
note 7 username username canada update 21 09 2016 spent another hour phone samsung got username three time said username problem manager hello username would like share username getting username note 7 unit pre ordered note 7 bell canada got phone around username 1st username notice recall username username form username 7th username website stated username samsung username within 48 hour heard nothing also didnt get any email username username username form also username samsung screen username dbrand skin already applied current phone username 40cdn total asked some kind username amount spent username around username username ended username not sure all got username username concern but samsung not going pay username fast forward few day later username username email fedex telling package coming sender username rms canada no idea company googled online some user pointed note 7 username unit told contact confirm color phone address however username address one used username phone carrier hasnt updated year address username not one username username form no clue got username since friday day username fedex notice username samsung fedex trying change username address fedex told value package too high username change address samsung no one know change address no one seemed willing help either username handle note 7 username say only help people username username not username username username main username service line refers back username number username wasted 10 hr phone not fact no clue going samsung username service tone username pretty much gave cancer right package username city no near live no idea so username samsung company handle username like really show bad username username going try get refund note 7 change either iphone wait new nexus pixel phone come done samsung time thanks reading hope rest guy receive note 7 username without too much trouble good day !,0,0.36090025305747986,-3.2782554626464844e-07,0.002449333667755127,0.008390486240386963,0.0027589797973632812,0.00852397084236145,0.2572864890098572,0.2572864854215072,10,0.0,0.0,0.5164394759512307
feel pain filled form two week ago havent heard username no call no email nothing point much like username might username new google phone,0,0.3663517236709595,-0.002371758222579956,-0.0023204386234283447,-0.014204144477844238,-0.014820873737335205,-0.011383742094039917,-0.03853803873062134,-0.0385380302212758,10,0.0,0.0,0.47163473315281035
filled one day bell sent username text username chose username username havent heard shit since bell keep telling samsung send guess ill keep using bomb phone,1,0.37959253787994385,-0.012253589928150177,0.0019570887088775635,0.004171013832092285,0.005063921213150024,0.018918275833129883,-0.06194658204913139,-0.06194657609589364,10,0.0,0.0,0.5540403009883907
note 7 samsung no longer take return ordered samsung com ordered note 7 username samsung com username whole recall thing started finally got home found fedex ups usps no longer taking note 7 back samsung username username 9 16 16 called samsungs username dept gave new number call called told stop using device sit hand figure username wtf samsung anyone else issue username note samsung ? not talking people got note brick n morter store edit 10 1 16 still waiting samsung figure hell not decided return tired shit username service,0,0.3533635437488556,-0.007242530584335327,-0.0025307536125183105,-0.0027312934398651123,-0.011418938636779785,0.0018792152404785156,0.16700637340545654,0.1670063654535199,10,0.0,0.0,0.4976854743697303
op sell stuff living telling right need call not get line username refund refuse kindly tell username account may pick device x address fuck,0,0.3784182369709015,0.004538089036941528,0.008882254362106323,0.004729777574539185,0.007918894290924072,-0.01371791958808899,0.04914100840687752,0.04914101072007928,10,0.0,0.0,0.45793700655404823
da fuk ! total username,1,0.3618010878562927,-0.013837620615959167,0.010035276412963867,0.010035276412963867,-0.00043505430221557617,0.001636117696762085,-0.17149893939495087,-0.17149896311566426,10,0.0,0.0,0.3637546046818576
anyone bought note 7 non username pretty much stuck ticking time bomb 800 buck,1,0.3629862666130066,0.0009358227252960205,-0.0075154900550842285,-0.01389208436012268,-0.013261288404464722,-0.02360936999320984,-0.09682597219944,-0.0968259769796311,10,0.0,0.0,0.42067094636752733
fucking suck know return note 7 but not any phone come close username fuck username,0,0.37171241641044617,-0.010328948497772217,0.00178605318069458,0.0012977123260498047,0.010970920324325562,0.006977200508117676,-0.12246408313512802,-0.12246408112566465,10,0.0,0.0,0.4876210920027457
joke username joke fuck ? already fixed right ? destroy note series never seen tech username like handed note 7 username good fuck not worth hassle dealing samsung,0,0.36654961109161377,0.0024099200963974,0.003853708505630493,0.004576772451400757,0.004857391119003296,-0.008963525295257568,0.2234155833721161,0.22341557819054367,10,0.4834446162502783,0.0,0.5090905967748647
know buying selling frowned upon but maybe guy help want find note 7 new username but used okay read ! know know recall safety hazard blah blah blah want one username value not ever powered sit box hard username case safe several year username username sought said one want name price ! pay ! any carrier any storage dont care username n7 username version id willing offer least 900 1000 anyone one new box sealed id willing start around 1200 1300 even more also some other rare username username could trade username ? ill buy username well so dont trade ! 93 device username so need one asap ! please help even help link someone one ! username link someone note 7 result username sale willing offer 100 00 finder fee ! please not kidding around ! username serious ! pay paypal shipped fedex full username username hell youre username usa ill fly pick pay cash !,0,0.3614148497581482,-1.4901161193847656e-07,0.002864837646484375,0.006699889898300171,0.010536283254623413,0.010830521583557129,0.1474301517009735,0.14743016471554962,10,0.0,0.25947922349268,0.510424474243578
still holding note 7 despite recall ? username taking ? title say one cant arsed swap note 7 username else only swap back note 7 later took forever username set username time round plus least seems theyre only giving new phone send current one kinda doesnt give lot option backing username data so im waiting fixed note 7 come swap one username fast charge kept phone sun heat only either used oem username qi username username username try keep amount juice youre pumping battery minimal enough charge but not so fast cause username also username some username couldve caused partly third party usb c username cheapo chinese one arent username look google guy whose macbook got fried cheap usb c charger started username limited username username username school report hot note 7 explode im also username amount heat username every time phone start feel warm stop username cool cold water username also stopped using username,1,0.36301395297050476,-5.960464477539062e-07,0.0008849501609802246,0.0010247528553009033,-0.001103043556213379,-7.241964340209961e-06,-0.048080988228321075,-0.04808098662329578,10,0.0,0.07527474590138859,0.4464448185179337
tbh im not sure man texted not too long ago saying turn username username got email samsung right check soon but im not sure may wait day maybe monday work username so no other cell phone use kind playing ear get hot username but make sure watch charge never username username so far no username but know really liked note,1,0.37309250235557556,0.00013297423720359802,-0.000376284122467041,0.0057663023471832275,0.007050037384033203,-0.010995566844940186,-0.050950340926647186,-0.050950336739710125,10,0.0,0.07863947891616115,0.4767684407925803
getting really username note 7 username username username getting username note 7 username program bought note 7 store username force leave behind family member ship username note 7 saga really begin so 2nd note 7 recall begin go samsung store username tell go support call support october 13 say 14 21 username day username get username edge 7 ok thats fair username stuff take time etc get call nov 3rd oh username username wait 21 username day u send courier door no arent going make sure call arrange some pickup time pure luck youre around time might leave note cant find well duh havent username jack ! username username username next 21 day ? oh theyll sending gift voucher snail mail only posting make username so thats another week so hoping dont drop phone face first wasting money buying case pocket oh also username first choice color too only told username only username ? cant go service center username hand phone get new one id take uber some random username outback would faster cant email voucher hand courier username username handle 1000 device still samsung fan first recall second recall killed any brand loyalty samsung one more thing mess process im not even going username next phone rant,0,0.3617503345012665,-5.960464477539063e-08,0.0007155239582061768,0.0008719861507415771,0.0028708279132843018,0.00979161262512207,0.14907105267047882,0.14907103836672123,10,0.0,0.0,0.5524615072557977
only galaxy note 7 username galaxy s7 edge ? canada matter tried username some result but username find talk note 7 username heard s7 s7 edge username well recall s7 ?,0,0.3954378068447113,0.04942472279071808,0.0023055672645568848,0.003039062023162842,0.01262858510017395,0.016479551792144775,-0.056832216680049896,-0.05683221896631953,10,0.0,0.0,0.42682960689732363
note only one username but only matter time username edge username well samsung keep username battery issue but full blown crisis hand,0,0.37156420946121216,0.008974626660346985,0.013347357511520386,0.01568228006362915,0.007310777902603149,-0.0005953013896942139,0.08708707243204117,0.08708707492929099,10,0.0,0.0,0.4222426765232017
samsung hasnt shipped note 7 return box yet im moving another state two week no idea username note 7 username samsung com username device moved west coast east coast heard news recall username samsung username moved im username refund agent assured shouldnt issue username return package within 3 5 username day far know package went old address ever since calling samsung least twice week every time call get same answer made mistake fixed username return package within 3 5 username day started process around oct 11th dec 6th called samsung more than 35 time spent more than 9 hour username various agent username record sprint prof im moving state im two week im username worried wont getting return package im not allowed fly phone leave behind not fair lose money spent phone samsung seems fail sending package im username username tried username social medium team username back phone number calling last seven week emailed samsung username team havent gotten any username back username carrier sprint said cant much bought phone username samsung typical day,0,0.3593805730342865,-1.7881393432617188e-07,0.0011760890483856201,-0.004381090402603149,-0.003041476011276245,0.005481839179992676,0.0839957594871521,0.08399575250679878,10,0.0,0.0,0.5015597261920179
note 7 recall username so working today phone hit leg quite hard course damage done right home button tiny tiny spider crack aboiut 1 4 size button recall gon na hit stuff like ?,0,0.36091411113739014,0.019828081130981445,0.00043007731437683105,0.009377926588058472,0.012834727764129639,0.008397817611694336,0.13307631015777588,0.1330763227532475,10,0.0,0.0,0.33122312156803635
username long think take note 7 hit market ? pre ordered mine ill wait longer xd ! really hope doesnt take long but maybe only october,1,0.3780692219734192,0.010501321405172348,0.02008756995201111,0.020362883806228638,0.016000956296920776,0.006573319435119629,-0.012596825137734413,-0.012596814779935201,10,0.0,0.0,0.5563651802651914
anyone able username username note 7 new note 7 yet ?,0,0.35029512643814087,-0.003716588020324707,0.0027310550212860107,0.004377186298370361,-0.000766754150390625,0.0140627920627594,-0.0883374735713005,-0.08833747544217854,10,0.0,0.0,0.3186251307875878
username note 7 mobile recall went today mobile store see going first mobile website claim note 7 device turned full refund username youve paid lease jump username any username username mobile rep username worst none knew username explain post own website tmobo manager username all knew stop selling note 7 device so manager called hq username store head prompt take device note 7 option 1 refund any payment made phone 69 99 upfront cost monthly charge 40 brought back view case without username gear vr username full refund card no restock fee third drop jump ! demand let jump ! another phone took iphone 6 maybe wait note 7 iphone 7 ill see option 2 keep note 7 let put note request account want new note 7 wait username two week new stock note 7 fixed told brand new box phone receive note took option 1 didnt want gear vr view case so found perfect username get refund also go mobile bought phone went username mobile store sent username store phone also username crack still took maybe username username username but mine overall company policy great no username mobile rep sucked edit also got keep netflix sub too,0,0.3596321642398834,-2.086162567138672e-07,-0.00370180606842041,-0.0010358095169067383,-0.003814190626144409,0.0031099319458007812,0.12393840402364731,0.12393841287460579,10,0.0,0.0,0.4874582309180331
mobile rep suck ! got 2 username note 7 hell time mobile posted store not able help most time drive crazy ! username got refund youve dropped jod program wont able get back,0,0.37084826827049255,0.002137914299964905,0.00014582276344299316,-0.00122910737991333,0.0035727620124816895,0.008992612361907959,0.08203517645597458,0.08203519276534602,10,0.0,0.0,0.5281747424135406
whats best way contact samsung not pleased handled note 7 recall ?,0,0.3688126802444458,-0.008923083543777466,-0.00476565957069397,-0.00689774751663208,0.01618751883506775,0.03390434384346008,0.2534799575805664,0.2534799432507155,10,0.0,0.0,0.5609301549138221
wont give shit unless sue 100 credit username s7 s7e shit deal offered 200 username launch note 7 canada,0,0.3624187409877777,0.01231113076210022,-0.0022994279861450195,0.00558897852897644,0.0007490217685699463,-0.009602278470993042,0.09033071249723434,0.09033070144761277,10,0.0,0.0,0.4958940707418089
im guess username still go note 7 becomes username ?,0,0.3715054392814636,0.002910628914833069,0.012273311614990234,0.01171693205833435,0.02251613140106201,0.027058690786361694,0.16604146361351013,0.16604146000484646,10,0.0,0.0,0.4180481437248911
holding hope s8 so work samsung loved note7 username great exept whole blowing flaw rumor abound say samsung likely stop username note line galaxy line username going forward said one best thing loved note bigger screen pen live without pen but actual phone size rumor 5 5 smaller username think done samsung phone username future username back note3 forced note7 recall username show age id really like 6 2 rumor true but could live 5 7 username less than 5 7 im outtie,1,0.3659661114215851,0.10345260798931122,-0.005919158458709717,-0.0011060237884521484,-0.006076812744140625,-0.010642021894454956,-0.09373065084218979,-0.09373065615204434,10,0.0,0.0,0.4403010690069742
help username samsung backup without samsung phone hi all due note 7 recall username note 7 using pixel dont hate _ username made mistake using samsung account backup username text etc anybody know way username data samsung backup samsung phone ? thanks,0,0.3710375726222992,0.08607673645019531,0.006165951490402222,0.011081278324127197,0.004946291446685791,0.01737666130065918,-0.04351850226521492,-0.04351849477583769,10,0.8044475300543935,0.0,0.5367242034377957
mess like most people note 7 recall serious username verizon username service awful not one person given username answer jist username speak sound like either stick another phone grab loaner screw month username well serious username watch college dorm go flame phone doesnt get any hotter any username phone username so cant username username all time username enough try return phone parent username dropped 700 rant,0,0.3601086139678955,-0.005770355463027954,-0.0009192526340484619,0.0014651119709014893,0.0026063919067382812,-0.010804474353790283,0.1982923001050949,0.19829230178391244,10,0.0,0.0,0.6362331987494545
ui username kinda suck feel cheaper no pen username smaller screen got one today note 7 not bad phone better battery,0,0.3651203215122223,-0.005968526005744934,0.008181393146514893,-0.0007647573947906494,7.766485214233398e-05,0.007538795471191406,0.026187952607870102,0.02618796180713449,10,0.19663604374631888,0.0,0.444535693417496
note 7 tried s7e order replace note 7 tbh note 7 better than s7e u feel differ u came note 7 s7e u want safety get s7e u want best phone market note 7 however noticed username main ui fast note 7 deal apps note 7 alot faster than s7e didnt try camera dont use anyways but obv better aside didnt notice username cuz only used note 7 2 day s7e 10 minute so cant say sure edit forgot mention but got username note 7 iris scanner lol p very fast easy only username doesnt work direct username work ok dark area,1,0.37418100237846375,-0.011135801672935486,0.0020621120929718018,0.010804295539855957,0.01026231050491333,0.014370471239089966,-0.07469940185546875,-0.07469938314488693,10,0.0,0.0,0.4204656805139386
other samsung note 7 user dear samsung im sorry bad day month year say username giving note 7 love phone username want phone not only look username feel smooth solid but spec match smooth username username phone note 7 since day 1 username day username picked release day so excited annoyed hell fiancee all talked day phone even took day work home username gear vr 2 0 username vr username amazing not only headset fit giant size 8 5 head username played hour im going miss im username right dont know phone get dont want s7 stuck next 2 year s7 already dated ive looking pixel xl but doesnt smooth rounded finish note 7 nor pen sd card slot even iris unlock maybe ill keep note 3 wish luck hope meet two year,1,0.3595804274082184,-4.76837158203125e-07,0.0037812888622283936,0.002958834171295166,0.0015076398849487305,0.0020546317100524902,-0.0954824686050415,-0.0954824833911346,10,2.3603037659026227,0.0,0.48991489706981506
already username back note 3 there nothing want right username owning note 7 two month so good im still willing use own could username not catch fire curved rounded edge felt much better hand than any other phone hope samsung doesnt axe look feel phone great came note username username username stuffed note 7 username would buy waiting see username username not sorry samsung but trust lost might make another post username refund username turn got phone carrier doesnt really make sense wait samsung refund instead carrier mail suck live so whole get box mail return thing likely turn another fiasco,1,0.37698259949684143,-0.0061538200825452805,0.008805602788925171,0.00573316216468811,0.004953742027282715,0.012912631034851074,-0.0769461840391159,-0.07694617726478052,10,2.6379763403862126,0.0,0.5140865944375117
agree username note 5 im username say im username content finally got wife upgrade s4 shes username gutted want note 7 back bad way s7 edge doesnt really cut so im same place might end giving kid s7 edge there note 7 username,1,0.36835262179374695,-0.016086168587207794,0.011757105588912964,0.00458952784538269,0.0034492909908294678,0.01459270715713501,-0.13006171584129333,-0.13006172246421663,10,2.8337123693062436,0.0,0.4722653824611114
survey say 40 current note 7 user never buy another samsung phone,1,0.3529183864593506,-0.010378748178482056,-0.0020003318786621094,-0.006734877824783325,-0.005070686340332031,-0.002421349287033081,0.07371215522289276,0.0737121627435241,10,0.0,0.0,0.37079676060045696
dont buy 90 note 7 owner got username note 7 first recall title wrong online survey done among samsung phone owner not note 7 owner likely username bunch username username dont username samsung phone,0,0.3587369918823242,-0.0030037909746170044,-0.0004979372024536133,-0.0020044445991516113,-0.0024984776973724365,-0.009517759084701538,0.17833644151687622,0.17833643806396293,10,0.0,0.0,0.48887356754412514
cant say never but ill username taking break samsung pixel xl maybe year two ill username see samsung handled thing username google headed project,1,0.38597360253334045,0.054442040622234344,0.015671253204345703,0.026160001754760742,0.03486594557762146,0.031429171562194824,-0.02081836387515068,-0.020818354034666038,10,0.0,0.0,0.35861201381803354
pixel isnt only option s7 edge,1,0.3577526807785034,-0.006157875061035156,0.0024109482765197754,0.0024109482765197754,-0.002024620771408081,-0.02447110414505005,-0.08628449589014053,-0.0862845030813412,10,0.0,0.0,0.3386797411675344
there username someone say survey period username username towards samsung year two release new phone username raving,0,0.35914140939712524,-0.0260792076587677,-0.0012720227241516113,0.012188732624053955,0.012068420648574829,-0.0008186995983123779,0.04491342604160309,0.04491344110064544,10,0.0,0.0,0.38273766037575485
anyone else username samsung isnt some sort username help bring people back note 7 problem ?,0,0.37246978282928467,0.003053128719329834,0.01884123682975769,0.037229955196380615,0.052895188331604004,0.054875582456588745,-0.047134675085544586,-0.04713468292236796,10,0.0,0.0,0.4560283220625092
finally got new note 7 today im username so glad whole ordeal would cool hooked u username username but wouldnt expect too upset didnt,1,0.36240583658218384,0.00588526576757431,0.0032837986946105957,0.012843340635299683,0.01590144634246826,-0.003238499164581299,-0.06123272702097893,-0.06123272271149786,10,0.0,0.0,0.5123150224738398
not really talking samsung support getting username whole debacle kept trying explain username phone brand new phone free like some special deal im getting,1,0.36428722739219666,-5.634129047393799e-05,0.0037414729595184326,0.0028825700283050537,-0.00141143798828125,-0.0012239813804626465,-0.06026967614889145,-0.06026966646844676,10,0.0,0.0,0.39990485513061347
anyone keeping note 7 username offered ? so ordered note 7 anyone going wait start username note 7 direct username username ? risk username pretty damn low right ?,1,0.37174442410469055,-0.00843801349401474,0.004995405673980713,0.016679376363754272,0.011203229427337646,0.005850076675415039,-0.0637463852763176,-0.06374639209493524,10,0.0,0.0,0.5104509121006175
keeping samsung sends username love phone cold username username no worry,1,0.34253713488578796,-0.04688134789466858,-0.015959113836288452,-0.0034257173538208008,0.0015405118465423584,0.016698092222213745,-0.07847250998020172,-0.07847253561923054,10,0.3932127069418044,0.0,0.32439340001181716
mine went boot loop username got really hot last night trade today got s7 edge going hold but forced hand cant wait get another note 7,1,0.36561378836631775,-0.01897285133600235,-0.00858113169670105,-0.004159271717071533,0.006534308195114136,-0.005280345678329468,-0.0526299886405468,-0.05262999799021113,10,0.0,0.0,0.4711474148087833
im username username mine waiting cheaper username username hit market username phone get hot though,1,0.3665081560611725,0.05406445264816284,0.007349520921707153,0.01779589056968689,0.029782414436340332,0.01515379548072815,0.05157477781176567,0.051574772752733956,10,0.0,0.0,0.37890663521609547
came note 4 say note 7 very worth upgrade seems like better every way great feel,1,0.34192055463790894,-0.016487352550029755,0.0032963156700134277,0.010982632637023926,0.010258346796035767,0.017270803451538086,-0.12043497711420059,-0.1204349751026548,10,0.0,0.0,0.4282167366714087
username note 7 battery drain worse ? so got username username isnt hot username but battery drain faster opinion any others seeing well ?,0,0.39423397183418274,-0.013131946325302124,0.01609984040260315,0.01593756675720215,0.02794632315635681,0.03877010941505432,0.02962334081530571,0.02962334490211314,10,0.0,0.0,0.49584389515653204
no dont see any change battery life awesome all username phone got username note7 aug 19 recall got username username 18th checked today given 7 hour sot 10 charge username,1,0.3693673014640808,0.018697701394557953,0.019466042518615723,0.01968783140182495,0.013361334800720215,0.00952044129371643,-0.1250104010105133,-0.12501040552754517,10,0.0,0.0,0.5029007813936672
phone all day havent charged all 40 battery life much better,1,0.3814948797225952,-0.015244334936141968,0.018189847469329834,-0.018613874912261963,-0.008519113063812256,0.006032705307006836,-0.1564706563949585,-0.15647064786508014,10,0.0,0.0,0.39833287962096264
ive noticed username change im not even rate apps first version note7,0,0.3547514081001282,-0.001417592167854309,0.0008389055728912354,0.00685650110244751,0.01330825686454773,0.002242356538772583,0.08286012709140778,0.08286013265728202,10,0.0,0.0,0.4686240820688312
username note 7 battery life im curious see username username term battery life username username only 30 percent battery left only got 2 hour screen time ive username all samsungs battery taxing username limited use texting light web username anyone else username similar issue ? edit ive tried factory username phone per advice some others but doesnt seem made username username some forum look like username knox username well om username username issue others so ill trying today,0,0.3654390573501587,-0.003584742546081543,-0.001684814691543579,0.0005305111408233643,0.006137818098068237,0.008506298065185547,0.1709095686674118,0.1709095647871118,10,0.0,0.0,0.5431859151946825
guess im lucky so far im username day half use drain battery go disable good portion samsung username apps though,1,0.3748948872089386,-0.019501470029354095,0.004912436008453369,-0.00834047794342041,-0.00565066933631897,0.00967678427696228,-0.033169735223054886,-0.03316973892363044,10,2.411588362053893,0.0,0.3828134294178065
same note 7 cant make day without charged dropped 15 20 username username not right main battery username android o android system so not sure fix,0,0.38134506344795227,0.003170892596244812,0.00572967529296875,0.0026877224445343018,0.013635009527206421,0.006957322359085083,0.10606757551431656,0.10606756560870027,10,0.0,0.0,0.4772974132247618
psa galaxy note 7 battery issue so sort follow post one made other day username issue note 7 trying disable almost username decided take phone back store username still within username time window brought phone samsung username told username battery issue knew exactly talking username username not username latest update causing massive battery username issue note 7 phone able username new one per advice told not update phone next major username update also username feature caused battery username username username mobile username mobile data setting username default called username lte username username battery username username,0,0.36589741706848145,-0.004997521638870239,0.006020069122314453,0.00918152928352356,0.004926502704620361,0.005112767219543457,0.04244490712881088,0.04244490945222504,10,0.0,0.0,0.49032886795011676
bestbuy note 7 talked best buy username told fault there sensor phone decides fast charge trickle used sensor some phone faulty causing phone stay fast charge load heat battery username im going wait new batch note 7 visit sign username stock but turn fast username only charge youre around keep eye,0,0.3825782835483551,0.011394210159778595,0.0074592530727386475,0.01361653208732605,0.007351398468017578,0.01293635368347168,0.0833282396197319,0.08332823139153858,10,0.0,0.0,0.38473055420992397
so korea samsung username upgrade program note 7 owner bought phone username full price cant username logic garbage korea username program username s7 s7 edge got username note 7 50 s8 note 8 but only username people plan paying phone not people like bought phone username samsung store full 1 000 800 price tag ive called asked username indeed tell not username bought not carrier plan so im not reading wrong some username garbage,1,0.36569294333457947,-0.030296124517917633,0.011669814586639404,0.007729977369308472,0.011088669300079346,0.01667153835296631,-0.05008925125002861,-0.05008924783979253,10,0.0,0.0,0.4588887840796245
username service aspect problem garbage think stunt like hurting more than username device,0,0.3675304055213928,-0.02103164792060852,-0.00373724102973938,-0.00045680999755859375,0.0046173036098480225,0.001596897840499878,-0.05631188675761223,-0.05631188229433215,10,0.0,0.0,0.4284199288464383
50 isnt even great deal some people username going nearly free dunno korea but pretty much username else sell year old phone least half value username theyre username username major fuck canada s7e trade value 325 username every new username release 150 200 username trade phone username trade value phone so thats 525 username value doesnt drop unless username offer dont trade phone still pretty as since youll sell anyway youre getting new phone,1,0.3659186363220215,-0.024498112499713898,0.006345659494400024,0.008685588836669922,0.0029729902744293213,0.00428396463394165,-0.1467629373073578,-0.1467629506552379,10,0.0,0.0,0.5010299859203102
whole username samsung username own direct username flat username note 7 given run around well username mine samsung com yet went brick mortar store like bestbuy would so much better service,1,0.3602921962738037,-0.0054099708795547485,0.0008281469345092773,-0.0006898641586303711,-0.0015422403812408447,-0.010816872119903564,-0.043479129672050476,-0.043479134845702296,10,0.0,0.0,0.39650161128377737
very username not username still using samsung device im edge plan verizon,0,0.37829819321632385,0.01123616099357605,-0.009255021810531616,-0.009797871112823486,-0.0056757330894470215,-0.010590821504592896,-0.10783813148736954,-0.10783812681858626,10,0.0,0.0,0.40765531499936447
samsung username lost username hi galaxy note 7 owner would like share username refund process some username bought note 7 username username company signed 2 year username meant username note 7 username username price around 420 however moved uk pursue study username not able make refund username window username username samsung told would replace refund phone username uk username seemed fine thats username began close two month call email samsung mostly taking 2 email reply every time emailed username reply told username would take 2 3 username day 10 day without username later would email receive same reply call even worse username service username no idea going only able take imei serial number say username username finally username offer refund note 7 except instead username full retail price device username username claimed would offer username less than 420 meant paid username not able use phone buy new pixel xl samsung not going even refund full price phone local username company put website samsung would username full price phone plus sgd 100 credit clearly false bad enough samsung username insert username age device username refund amount username more than one way not able use phone deemed unsafe reason phone so long username samsungs side samsungs utter lack care username username instead username unsafe device username unable use 2 month cause username loss well put frankly username worst username service username huge username note line owned note 2 note 8 tablet username note note pro 12 2 but never opt samsung device ever username username tldr samsungs service refund process worst put burden loss username,0,0.36614251136779785,-3.2782554626464844e-07,-0.0026450157165527344,-0.008470773696899414,-0.003435969352722168,0.0048764050006866455,0.12439125776290894,0.12439126152202362,10,0.0,0.0,0.4839027942545173
yup took 60 day high blood username calling finally get username label arrived 1 3 day lol,1,0.3586292564868927,0.011354740709066391,-0.0013947486877441406,0.001988142728805542,0.007507920265197754,0.010735839605331421,-0.027357954531908035,-0.02735794848169617,10,0.0,0.0,0.3864451253555339
keep hearing horror story samsung username service username username username,0,0.3633565604686737,0.005980044603347778,-6.41942024230957e-05,0.007983624935150146,0.010261476039886475,-0.023946821689605713,-0.13784383237361908,-0.13784385974539504,10,0.0,0.0,0.4655094525867214
note 7 random reboot driving crazy ! new note 7 username reboots but every time username username 3 second later reboots cant figure whats causing anyone any idea ? really dont want factory reset already got all username set apps update would would heating ? cuz seems really hot dont ever username s7 edge getting hot update 2 3 factory reset still username username reboots store mobile back ordered update 3 called sending new one since within 14 day grace period sound like known issue since im not only one seeing update 4 called never heard username phone username order never username username so never shipped so spent another hour phone passed one username another trying get yet another username getting username username ! took 6 call trip store username phone all time wasted getting username update 5 got username even more than old one ! fml update 6 sending 2nd username username said 3rd person talked today needed username there few vids showing youtube too so username odd 2nd phone same thing worse ! think username causing issue sent phone back turned username stopped username username not im 100 sure cause but maybe username look anyone reading,0,0.36396482586860657,-1.1920928955078125e-07,0.001223534345626831,-0.0034172534942626953,-0.0018896758556365967,0.0015231668949127197,0.11415743827819824,0.11415745610166542,10,0.0,0.0,0.49132173260886813
amazing phone no issue username love,0,0.348273366689682,-0.055312469601631165,-0.0022334158420562744,-0.0022334158420562744,-0.00033015012741088867,0.0010909438133239746,-0.13189716637134552,-0.13189718016214833,10,4.423640799914695,0.0,0.44194412823459395
not username hot amazing !,0,0.33743205666542053,-0.01956343650817871,0.008211463689804077,0.008211463689804077,0.009078681468963623,-0.02515968680381775,-0.13018208742141724,-0.1301821042298636,10,0.16771977869206967,0.0,0.2939642866110179
great only lost 3 finger username !,0,0.37731271982192993,0.0033662766218185425,0.03267216682434082,0.03267216682434082,0.030896157026290894,0.03792408108711243,0.039232976734638214,0.039232977723216655,10,0.0,0.0,0.4576648651470503
yes not only see username username battery buy username new all glass design look username good blue coral,0,0.337438702583313,-0.016507968306541443,0.011890918016433716,-0.026856690645217896,-0.020034462213516235,-0.04469609260559082,0.011498513631522655,0.011498519969924768,10,2.5973703638036048,0.0,0.448322867482317
love mine note 5 make feel like note 5 username needed full reset wipe battery life u much better very username snappy username mine get spot username store hoping username work username one,1,0.37907251715660095,0.0053335875272750854,0.010616034269332886,0.004217475652694702,0.00791284441947937,0.009850084781646729,-0.11449749767780304,-0.11449748669494986,10,0.8857338392422671,0.0,0.47612400487431406
username note 7 allowed use flight ? seems faa banned note 7 use flight cant find any info cover username unit ban expire want get username unit username but never use flight explore other option anyone any more info ?,0,0.3695406913757324,-0.0018408149480819702,0.00420650839805603,0.006457090377807617,0.004065394401550293,0.0020155906677246094,0.13615384697914124,0.1361538167491372,10,0.0,0.0,0.5757270586893284
yeah get ready some username people dont know username rolling yet,1,0.36831244826316833,0.06903578341007233,-0.007087826728820801,0.0022406280040740967,0.009310007095336914,0.002834796905517578,-0.08464360982179642,-0.08464359364390528,10,0.0,0.0,0.5904339441976416
dont think anyone made username yet but username number username note7s username decline e recall username ban dont bet username unit exempt get go would flight username know username username note7 username safe new one ?,1,0.36633753776550293,0.00218811072409153,0.011258602142333984,0.014545649290084839,0.012671172618865967,0.011324167251586914,-0.10965162515640259,-0.10965161329340964,10,0.0,0.0,0.41021768689733773
username yeah but theyre gon na wait theyre sure most ppl username,0,0.35597652196884155,0.025006085634231567,0.001294255256652832,-0.004171937704086304,-0.002410590648651123,-0.006914913654327393,0.049254003912210464,0.049254000356167685,10,0.0,0.0,0.40003882910816224
korean username started username new issue free note 7 used think need latest username update green battery icon proof,0,0.3843522369861603,0.0628589391708374,0.0026491284370422363,-0.0008715987205505371,0.003572225570678711,-0.0023956894874572754,0.015762541443109512,0.01576254970999663,10,0.0,0.0,0.4538213523893093
any info yet username note 7 unit hit store ? id like username phone but hate without,0,0.37313219904899597,0.011823222041130066,-0.0002340078353881836,-3.376603126525879e-05,-0.005215585231781006,-0.002125769853591919,0.15085457265377045,0.15085456321103874,10,2.465477098063483,0.0,0.5433699370201084
yeah im username latest news well saw reddit post cpc username acronym username username got username control username phone shipped ? nice get samsung divulge detail instead getting ton random spam crappy tech username cant afford wait 4 month simply give safe model phone would hurt company make username even more upset username username nose dont need sheesh,1,0.38573208451271057,-0.029483087360858917,0.01141628623008728,0.011538296937942505,0.02029705047607422,0.027112603187561035,0.042441241443157196,0.04244123270175259,10,0.0,0.0,0.46093455918082893
note 7 boot loop username username issue,0,0.3765762448310852,-0.015356138348579407,0.0006591975688934326,0.0006591975688934326,-0.007642984390258789,0.008038967847824097,0.14425793290138245,0.14425790562333848,10,0.0,0.0,0.23597501918906882
got phone getting 2nd username note 7 ! first one username username username new one so much worse any time try username phone lock reboots not saving dam thing driving crazy username talked first said 3rd person call today crazy !,0,0.3684784173965454,0.0011719465255737305,0.009358823299407959,0.010049045085906982,0.01152414083480835,0.02047136425971985,0.21969716250896454,0.2196971855190289,10,0.0,0.0,0.4898632861298613
get username phone ? love note 7 waited upgrade didnt like 5 still rocking 3 however hearing username blowing username username wait yet another username ? got pixel ? any other phone stylus like pen go ?,0,0.3658473789691925,0.0001742243766784668,0.024390727281570435,0.014539957046508789,0.009125977754592896,-0.0014139115810394287,0.1009778156876564,0.10097783197089782,10,1.3486312936784768,0.0,0.5152606298375277
nobody really username username really matter opinion point username think sad feel samsung right other post say samsung doesnt care username but think show username care quite bit theyre fix issue even arent getting right first second time theyre trying not like result poor username making matter cutting cost username simply tried launch username phone username battery issue tried fix issue pretty sad samsung going feel hit havent already other phone stylus lg stylo phone but cant comment username username like ive only owned samsung android phone id check person see think look some online review go gut point say username im still note 4 really username note 7 havent username yet safety issue but thats take,0,0.35625651478767395,0.0036239922046661377,0.002086162567138672,0.000963360071182251,-0.005957096815109253,0.009356528520584106,0.10332147777080536,0.10332148493893205,10,1.158429087431053,0.0,0.43972015986165425
rocked note 3 year half gps stopped working 6 month ago left username but phone paid so refused let give phone 3 month ago camera started acting every picture started username wavy soon camera wouldnt focus week matthew set hit area head stopped username data username mobile username dismal fiance note 5 username issue keep username data username phone username similar case another family member s4 username started data username issue leaf weary samsung device seems far username 3 device would start acting similar matter swayed username away another samsung device seeing push new model every year show no longer seeking username device offer note 7 fiasco another nail shame loved note 3 even dated username username capable device username took upgrade lg g5 needed username phone asap username matthew hit stylus ? cool feature but not get username tablet stylus so achieve greater username opt phone good spec ? pixel username seems like solid choice upgrade,0,0.35658568143844604,-3.5762786865234375e-07,0.005087077617645264,0.002962052822113037,0.001954495906829834,-0.0016685724258422852,0.1319492608308792,0.13194928983170814,10,0.0,0.0,0.5148282494820324
